Index,Rented Bike Count
0,180
1,918
2,1996
3,177
4,776
5,127
6,1647
7,349
8,137
9,1903
10,742
11,1837
12,2235
13,282
14,1117
15,1804
16,865
17,259
18,56
19,285
20,183
21,655
22,1507
23,666
24,1440
25,194
26,520
27,3277
28,659
29,84
30,183
31,1283
32,427
33,356
34,676
35,28
36,187
37,471
38,2329
39,396
40,676
41,1986
42,218
43,1058
44,1629
45,1482
46,842
47,1124
48,228
49,695
50,279
51,767
52,2403
53,71
54,1209
55,336
56,267
57,188
58,167
59,1377
60,1116
61,985
62,969
63,78
64,818
65,752
66,1106
67,231
68,939
69,184
70,2019
71,1087
72,583
73,1191
74,163
75,354
76,17
77,68
78,29
79,566
80,1466
81,680
82,626
83,1191
84,214
85,1206
86,192
87,8
88,574
89,240
90,614
91,41
92,79
93,1076
94,216
95,270
96,354
97,1834
98,1071
99,181
100,1251
101,1899
102,1355
103,262
104,62
105,0
106,1430
107,186
108,1450
109,171
110,143
111,179
112,757
113,228
114,45
115,416
116,124
117,1087
118,207
119,926
120,74
121,2069
122,371
123,444
124,1141
125,709
126,211
127,1396
128,0
129,1003
130,2191
131,10
132,488
133,762
134,2392
135,714
136,373
137,0
138,304
139,320
140,1767
141,1115
142,1948
143,10
144,586
145,2479
146,2518
147,1611
148,187
149,343
150,429
151,551
152,169
153,666
154,1155
155,663
156,364
157,843
158,1054
159,148
160,0
161,325
162,459
163,1311
164,133
165,766
166,133
167,0
168,1869
169,624
170,2474
171,1067
172,157
173,137
174,32
175,2040
176,0
177,1646
178,1044
179,489
180,306
181,1969
182,373
183,752
184,1039
185,1019
186,990
187,354
188,268
189,367
190,109
191,309
192,150
193,160
194,97
195,145
196,135
197,1865
198,81
199,425
200,1473
201,40
202,559
203,80
204,1089
205,174
206,257
207,206
208,1635
209,1460
210,487
211,40
212,1442
213,520
214,13
215,213
216,40
217,996
218,712
219,59
220,2
221,2020
222,152
223,152
224,979
225,342
226,724
227,289
228,1290
229,285
230,1276
231,2021
232,832
233,49
234,528
235,42
236,461
237,916
238,190
239,228
240,18
241,198
242,475
243,598
244,677
245,128
246,0
247,667
248,846
249,1663
250,97
251,1049
252,356
253,48
254,314
255,206
256,272
257,101
258,646
259,531
260,445
261,944
262,103
263,1183
264,195
265,928
266,912
267,784
268,1148
269,554
270,811
271,0
272,403
273,791
274,247
275,1729
276,34
277,183
278,1904
279,95
280,1152
281,161
282,370
283,128
284,972
285,1416
286,795
287,1271
288,688
289,62
290,395
291,1665
292,278
293,1448
294,1156
295,505
296,301
297,174
298,338
299,2300
300,466
301,1161
302,335
303,56
304,1295
305,862
306,642
307,1241
308,2046
309,298
310,735
311,462
312,27
313,5
314,189
315,688
316,247
317,222
318,329
319,901
320,660
321,775
322,944
323,145
324,1869
325,1006
326,144
327,200
328,870
329,145
330,330
331,518
332,416
333,569
334,752
335,1152
336,219
337,706
338,338
339,266
340,581
341,751
342,312
343,385
344,449
345,252
346,61
347,104
348,998
349,587
350,108
351,1372
352,1507
353,1782
354,57
355,116
356,133
357,803
358,177
359,1213
360,1192
361,416
362,1704
363,8
364,1028
365,735
366,600
367,0
368,1032
369,881
370,0
371,325
372,572
373,926
374,963
375,0
376,1147
377,32
378,75
379,184
380,1126
381,1087
382,460
383,1026
384,435
385,212
386,840
387,132
388,537
389,1015
390,1287
391,376
392,0
393,376
394,128
395,26
396,1185
397,107
398,651
399,406
400,103
401,65
402,989
403,345
404,518
405,26
406,103
407,411
408,253
409,333
410,928
411,164
412,752
413,182
414,303
415,82
416,203
417,178
418,1156
419,264
420,1624
421,8
422,0
423,1835
424,620
425,709
426,768
427,211
428,9
429,2331
430,1439
431,438
432,1407
433,785
434,1585
435,532
436,1467
437,1273
438,1999
439,196
440,698
441,532
442,2274
443,333
444,1386
445,837
446,644
447,288
448,1121
449,1990
450,1004
451,1503
452,614
453,32
454,234
455,867
456,137
457,116
458,80
459,159
460,1126
461,648
462,151
463,906
464,1095
465,211
466,37
467,278
468,280
469,236
470,903
471,172
472,1956
473,1612
474,2112
475,672
476,1158
477,508
478,329
479,2045
480,198
481,1271
482,437
483,545
484,94
485,438
486,1155
487,486
488,661
489,69
490,263
491,773
492,1877
493,21
494,141
495,1730
496,719
497,1182
498,1183
499,409
500,1185
501,157
502,84
503,1325
504,273
505,1061
506,30
507,22
508,1209
509,460
510,652
511,2063
512,342
513,212
514,1008
515,1192
516,377
517,168
518,1158
519,237
520,1395
521,289
522,672
523,499
524,197
525,1526
526,329
527,939
528,683
529,2149
530,930
531,2487
532,419
533,44
534,1212
535,754
536,424
537,1707
538,1543
539,2716
540,163
541,733
542,1171
543,376
544,224
545,103
546,46
547,1930
548,249
549,1059
550,1578
551,0
552,1416
553,48
554,295
555,91
556,258
557,820
558,36
559,137
560,169
561,79
562,125
563,634
564,2640
565,1922
566,603
567,146
568,1062
569,1412
570,486
571,158
572,2129
573,1026
574,147
575,39
576,158
577,876
578,347
579,132
580,192
581,429
582,660
583,268
584,305
585,444
586,443
587,91
588,1744
589,1184
590,178
591,197
592,136
593,150
594,489
595,45
596,670
597,82
598,210
599,1550
600,313
601,1373
602,508
603,925
604,694
605,975
606,126
607,56
608,159
609,326
610,339
611,1904
612,611
613,56
614,1409
615,1151
616,718
617,760
618,59
619,1747
620,938
621,584
622,0
623,553
624,352
625,1278
626,388
627,1548
628,82
629,1084
630,1083
631,226
632,25
633,527
634,635
635,2333
636,125
637,722
638,397
639,2051
640,315
641,189
642,565
643,1537
644,768
645,161
646,1249
647,228
648,1272
649,115
650,103
651,271
652,710
653,244
654,381
655,169
656,0
657,1019
658,707
659,1332
660,228
661,1583
662,1490
663,317
664,1056
665,1161
666,182
667,771
668,1618
669,402
670,201
671,0
672,883
673,1029
674,1040
675,332
676,835
677,735
678,65
679,239
680,513
681,789
682,235
683,1343
684,11
685,209
686,240
687,279
688,1550
689,1039
690,114
691,1753
692,1171
693,47
694,555
695,600
696,2612
697,847
698,34
699,0
700,1346
701,1620
702,121
703,105
704,2339
705,1142
706,1671
707,759
708,258
709,427
710,645
711,443
712,803
713,1427
714,1165
715,973
716,63
717,533
718,1069
719,779
720,2103
721,1131
722,394
723,2377
724,750
725,2214
726,0
727,711
728,803
729,612
730,1860
731,1999
732,96
733,214
734,865
735,294
736,177
737,225
738,1285
739,867
740,122
741,0
742,133
743,367
744,256
745,3160
746,191
747,20
748,1958
749,265
750,117
751,432
752,1991
753,866
754,1280
755,80
756,320
757,56
758,0
759,0
760,42
761,451
762,2891
763,299
764,0
765,2194
766,484
767,907
768,266
769,786
770,2378
771,681
772,345
773,1398
774,1529
775,344
776,974
777,672
778,450
779,229
780,713
781,65
782,156
783,2353
784,56
785,2176
786,1445
787,255
788,1421
789,3245
790,1939
791,251
792,178
793,402
794,848
795,248
796,524
797,602
798,1505
799,696
800,392
801,1814
802,375
803,783
804,2232
805,236
806,151
807,988
808,434
809,47
810,645
811,79
812,943
813,584
814,141
815,0
816,89
817,316
818,880
819,332
820,2022
821,143
822,2130
823,405
824,278
825,72
826,752
827,95
828,430
829,306
830,43
831,976
832,166
833,1259
834,173
835,321
836,997
837,1409
838,132
839,1077
840,503
841,920
842,1900
843,1366
844,764
845,366
846,186
847,1678
848,422
849,920
850,1033
851,353
852,166
853,230
854,306
855,206
856,455
857,113
858,766
859,1119
860,258
861,898
862,149
863,186
864,3404
865,940
866,2150
867,253
868,737
869,1023
870,155
871,981
872,1634
873,287
874,515
875,0
876,239
877,167
878,416
879,223
880,381
881,382
882,303
883,594
884,1937
885,1232
886,0
887,64
888,264
889,436
890,190
891,1263
892,2162
893,531
894,1385
895,761
896,226
897,1229
898,1626
899,177
900,315
901,55
902,405
903,293
904,426
905,1840
906,1120
907,875
908,283
909,1270
910,130
911,116
912,324
913,286
914,1012
915,146
916,714
917,1121
918,48
919,221
920,288
921,1096
922,2493
923,93
924,1646
925,110
926,252
927,1442
928,1918
929,41
930,2115
931,177
932,672
933,390
934,4
935,664
936,34
937,915
938,1421
939,2416
940,379
941,532
942,1597
943,458
944,141
945,715
946,213
947,1133
948,1902
949,1664
950,312
951,1486
952,181
953,1409
954,588
955,739
956,270
957,181
958,837
959,156
960,334
961,50
962,250
963,389
964,226
965,305
966,17
967,355
968,253
969,759
970,676
971,193
972,134
973,1296
974,758
975,313
976,215
977,1202
978,0
979,9
980,47
981,1593
982,1200
983,164
984,1422
985,672
986,271
987,1026
988,1603
989,1850
990,1052
991,798
992,2515
993,531
994,1063
995,120
996,788
997,1915
998,71
999,1920
1000,89
1001,890
1002,125
1003,71
1004,2170
1005,1730
1006,61
1007,1106
1008,1358
1009,899
1010,30
1011,303
1012,1402
1013,443
1014,226
1015,333
1016,647
1017,520
1018,2314
1019,1464
1020,220
1021,673
1022,126
1023,631
1024,114
1025,928
1026,613
1027,769
1028,763
1029,312
1030,1868
1031,1310
1032,566
1033,546
1034,1347
1035,1363
1036,1209
1037,34
1038,1211
1039,334
1040,0
1041,378
1042,1150
1043,926
1044,1713
1045,2200
1046,376
1047,1118
1048,106
1049,971
1050,203
1051,1934
1052,24
1053,769
1054,1674
1055,340
1056,55
1057,176
1058,1875
1059,25
1060,214
1061,484
1062,3251
1063,1470
1064,2289
1065,594
1066,197
1067,1177
1068,741
1069,685
1070,1158
1071,2115
1072,2650
1073,875
1074,1945
1075,1148
1076,771
1077,1117
1078,522
1079,276
1080,256
1081,848
1082,343
1083,51
1084,107
1085,170
1086,0
1087,191
1088,275
1089,490
1090,921
1091,209
1092,1099
1093,22
1094,1374
1095,304
1096,1892
1097,531
1098,670
1099,228
1100,148
1101,619
1102,1097
1103,258
1104,189
1105,967
1106,90
1107,645
1108,991
1109,546
1110,1571
1111,44
1112,676
1113,18
1114,503
1115,178
1116,452
1117,243
1118,0
1119,1674
1120,763
1121,457
1122,1462
1123,1820
1124,533
1125,1493
1126,0
1127,919
1128,402
1129,149
1130,1940
1131,54
1132,99
1133,1031
1134,303
1135,2355
1136,81
1137,953
1138,1273
1139,1292
1140,38
1141,1603
1142,874
1143,384
1144,1208
1145,171
1146,1277
1147,847
1148,883
1149,212
1150,0
1151,567
1152,727
1153,936
1154,1440
1155,1002
1156,1013
1157,644
1158,1569
1159,0
1160,992
1161,530
1162,2286
1163,676
1164,2032
1165,1713
1166,97
1167,2367
1168,291
1169,206
1170,361
1171,737
1172,277
1173,1025
1174,1177
1175,600
1176,325
1177,118
1178,296
1179,2370
1180,334
1181,427
1182,1993
1183,1119
1184,571
1185,100
1186,297
1187,336
1188,719
1189,12
1190,0
1191,905
1192,652
1193,1360
1194,34
1195,1118
1196,1413
1197,2419
1198,201
1199,254
1200,764
1201,967
1202,174
1203,901
1204,23
1205,1845
1206,1394
1207,0
1208,262
1209,941
1210,1047
1211,1407
1212,286
1213,17
1214,2028
1215,629
1216,2066
1217,560
1218,455
1219,258
1220,431
1221,2059
1222,0
1223,119
1224,105
1225,428
1226,939
1227,454
1228,266
1229,7
1230,1540
1231,2264
1232,641
1233,902
1234,1533
1235,234
1236,1798
1237,2163
1238,690
1239,219
1240,931
1241,443
1242,78
1243,1579
1244,676
1245,494
1246,1947
1247,72
1248,175
1249,1666
1250,1934
1251,880
1252,103
1253,185
1254,0
1255,145
1256,44
1257,386
1258,198
1259,401
1260,1001
1261,1355
1262,1323
1263,1590
1264,281
1265,1628
1266,52
1267,566
1268,2405
1269,614
1270,143
1271,728
1272,110
1273,1613
1274,378
1275,1890
1276,720
1277,125
1278,1344
1279,2214
1280,1684
1281,182
1282,2069
1283,1495
1284,1112
1285,321
1286,225
1287,60
1288,0
1289,1087
1290,436
1291,179
1292,974
1293,1344
1294,502
1295,507
1296,237
1297,1985
1298,659
1299,787
1300,100
1301,982
1302,316
1303,868
1304,2505
1305,188
1306,272
1307,688
1308,898
1309,789
1310,3154
1311,796
1312,190
1313,247
1314,1923
1315,2224
1316,1312
1317,116
1318,425
1319,2632
1320,248
1321,134
1322,944
1323,375
1324,9
1325,1501
1326,30
1327,509
1328,54
1329,352
1330,784
1331,253
1332,742
1333,634
1334,754
1335,425
1336,1879
1337,82
1338,2000
1339,640
1340,999
1341,1284
1342,149
1343,253
1344,548
1345,106
1346,261
1347,1924
1348,796
1349,623
1350,808
1351,683
1352,92
1353,43
1354,1775
1355,379
1356,675
1357,210
1358,1672
1359,366
1360,251
1361,193
1362,596
1363,1797
1364,2013
1365,1430
1366,1221
1367,219
1368,149
1369,18
1370,319
1371,655
1372,625
1373,1092
1374,63
1375,1475
1376,2112
1377,266
1378,1554
1379,132
1380,968
1381,699
1382,66
1383,263
1384,1556
1385,618
1386,1068
1387,471
1388,190
1389,64
1390,792
1391,1246
1392,1153
1393,190
1394,1551
1395,697
1396,349
1397,152
1398,901
1399,1291
1400,847
1401,2227
1402,540
1403,571
1404,1365
1405,1132
1406,1230
1407,436
1408,1163
1409,84
1410,1249
1411,346
1412,2430
1413,563
1414,140
1415,440
1416,209
1417,160
1418,0
1419,1630
1420,644
1421,293
1422,90
1423,23
1424,947
1425,552
1426,1144
1427,142
1428,1359
1429,1813
1430,142
1431,612
1432,342
1433,60
1434,223
1435,26
1436,116
1437,0
1438,286
1439,1060
1440,1079
1441,51
1442,422
1443,34
1444,192
1445,1325
1446,13
1447,686
1448,1111
1449,1168
1450,232
1451,684
1452,321
1453,102
1454,2147
1455,1269
1456,174
1457,246
1458,254
1459,122
1460,1246
1461,237
1462,611
1463,415
1464,1639
1465,257
1466,1571
1467,1995
1468,117
1469,1143
1470,1671
1471,668
1472,402
1473,284
1474,552
1475,193
1476,872
1477,619
1478,95
1479,2254
1480,20
1481,1444
1482,0
1483,176
1484,141
1485,50
1486,1295
1487,2096
1488,1274
1489,777
1490,285
1491,38
1492,382
1493,1197
1494,212
1495,585
1496,1558
1497,340
1498,709
1499,97
1500,356
1501,502
1502,0
1503,420
1504,0
1505,292
1506,282
1507,2514
1508,2183
1509,1316
1510,2809
1511,405
1512,154
1513,164
1514,492
1515,426
1516,995
1517,262
1518,905
1519,372
1520,0
1521,39
1522,675
1523,1944
1524,260
1525,799
1526,1578
1527,1224
1528,67
1529,170
1530,1024
1531,202
1532,544
1533,1420
1534,172
1535,2246
1536,156
1537,512
1538,387
1539,1995
1540,271
1541,604
1542,62
1543,1910
1544,0
1545,285
1546,127
1547,545
1548,653
1549,78
1550,1163
1551,455
1552,563
1553,16
1554,1001
1555,993
1556,889
1557,636
1558,101
1559,12
1560,410
1561,427
1562,700
1563,2000
1564,1446
1565,851
1566,1577
1567,589
1568,911
1569,397
1570,97
1571,507
1572,542
1573,916
1574,1224
1575,48
1576,32
1577,199
1578,781
1579,1311
1580,1251
1581,276
1582,58
1583,30
1584,1682
1585,810
1586,0
1587,120
1588,29
1589,1387
1590,555
1591,222
1592,1179
1593,424
1594,139
1595,53
1596,939
1597,422
1598,319
1599,897
1600,1516
1601,716
1602,583
1603,39
1604,971
1605,569
1606,362
1607,78
1608,104
1609,845
1610,398
1611,406
1612,644
1613,217
1614,1465
1615,770
1616,537
1617,298
1618,1640
1619,818
1620,516
1621,505
1622,0
1623,141
1624,321
1625,638
1626,453
1627,1644
1628,262
1629,178
1630,742
1631,239
1632,115
1633,1088
1634,121
1635,2099
1636,299
1637,2628
1638,1289
1639,149
1640,357
1641,239
1642,398
1643,1255
1644,828
1645,980
1646,1841
1647,2415
1648,1483
1649,782
1650,934
1651,372
1652,790
1653,1031
1654,542
1655,655
1656,3146
1657,856
1658,217
1659,46
1660,1425
1661,313
1662,348
1663,64
1664,1955
1665,589
1666,305
1667,732
1668,231
1669,625
1670,1198
1671,1560
1672,674
1673,2368
1674,1125
1675,2202
1676,424
1677,261
1678,14
1679,938
1680,58
1681,685
1682,78
1683,216
1684,2020
1685,1618
1686,976
1687,622
1688,1386
1689,835
1690,335
1691,29
1692,1079
1693,1494
1694,1783
1695,1160
1696,944
1697,2797
1698,39
1699,1044
1700,209
1701,1307
1702,119
1703,148
1704,241
1705,1085
1706,2043
1707,305
1708,1195
1709,403
1710,1254
1711,301
1712,345
1713,700
1714,102
1715,272
1716,151
1717,1088
1718,394
1719,1025
1720,229
1721,292
1722,0
1723,387
1724,181
1725,785
1726,1726
1727,84
1728,168
1729,162
1730,0
1731,529
1732,374
1733,40
1734,286
1735,2207
1736,568
1737,390
1738,110
1739,895
1740,1014
1741,20
1742,479
1743,949
1744,2212
1745,2259
1746,1108
1747,437
1748,2365
1749,86
1750,205
1751,122
1752,831
1753,218
1754,849
1755,1882
1756,1197
1757,447
1758,982
1759,130
1760,94
1761,503
1762,197
1763,12
1764,0
1765,0
1766,110
1767,2474
1768,960
1769,253
1770,616
1771,387
1772,248
1773,150
1774,1277
1775,38
1776,241
1777,1553
1778,1659
1779,811
1780,478
1781,665
1782,0
1783,818
1784,568
1785,2142
1786,117
1787,1142
1788,398
1789,299
1790,815
1791,712
1792,1155
1793,283
1794,66
1795,102
1796,292
1797,111
1798,886
1799,199
1800,62
1801,1892
1802,884
1803,979
1804,167
1805,22
1806,55
1807,1450
1808,0
1809,1820
1810,965
1811,387
1812,80
1813,492
1814,155
1815,71
1816,22
1817,1083
1818,431
1819,783
1820,50
1821,562
1822,214
1823,307
1824,83
1825,170
1826,346
1827,941
1828,55
1829,1189
1830,2236
1831,105
1832,2128
1833,477
1834,606
1835,1030
1836,1505
1837,267
1838,450
1839,698
1840,763
1841,588
1842,116
1843,1335
1844,926
1845,1711
1846,373
1847,160
1848,265
1849,347
1850,1180
1851,95
1852,720
1853,1741
1854,118
1855,355
1856,1079
1857,37
1858,2415
1859,965
1860,69
1861,295
1862,247
1863,0
1864,165
1865,0
1866,322
1867,468
1868,1047
1869,204
1870,59
1871,903
1872,355
1873,8
1874,35
1875,746
1876,1173
1877,521
1878,412
1879,309
1880,77
1881,58
1882,167
1883,1511
1884,675
1885,1554
1886,677
1887,1184
1888,130
1889,400
1890,1071
1891,12
1892,655
1893,818
1894,1502
1895,285
1896,729
1897,109
1898,38
1899,342
1900,603
1901,189
1902,501
1903,83
1904,248
1905,1686
1906,850
1907,475
1908,1200
1909,1066
1910,24
1911,119
1912,1819
1913,2476
1914,1314
1915,1146
1916,1182
1917,315
1918,11
1919,569
1920,96
1921,447
1922,2094
1923,1727
1924,863
1925,1579
1926,150
1927,669
1928,107
1929,342
1930,1220
1931,1241
1932,605
1933,0
1934,360
1935,1047
1936,1940
1937,100
1938,2034
1939,770
1940,2179
1941,457
1942,1025
1943,2237
1944,1234
1945,552
1946,678
1947,142
1948,923
1949,901
1950,572
1951,1220
1952,600
1953,304
1954,745
1955,1083
1956,1070
1957,1250
1958,983
1959,365
1960,373
1961,329
1962,922
1963,1591
1964,1215
1965,878
1966,147
1967,36
1968,404
1969,344
1970,324
1971,269
1972,1399
1973,340
1974,636
1975,929
1976,33
1977,942
1978,487
1979,774
1980,967
1981,834
1982,393
1983,2055
1984,168
1985,157
1986,0
1987,1041
1988,226
1989,2276
1990,14
1991,1579
1992,886
1993,1346
1994,695
1995,314
1996,403
1997,417
1998,123
1999,810
2000,615
2001,60
2002,973
2003,1557
2004,395
2005,1467
2006,1987
2007,662
2008,345
2009,199
2010,808
2011,1212
2012,583
2013,680
2014,681
2015,1182
2016,41
2017,73
2018,1851
2019,147
2020,1063
2021,302
2022,1717
2023,614
2024,427
2025,50
2026,959
2027,972
2028,392
2029,1062
2030,434
2031,410
2032,241
2033,1202
2034,1702
2035,65
2036,0
2037,102
2038,885
2039,73
2040,1912
2041,246
2042,0
2043,0
2044,1980
2045,1796
2046,91
2047,578
2048,362
2049,151
2050,2069
2051,644
2052,222
2053,2508
2054,31
2055,1218
2056,1916
2057,784
2058,26
2059,756
2060,3380
2061,750
2062,122
2063,943
2064,921
2065,1811
2066,569
2067,999
2068,2349
2069,567
2070,161
2071,110
2072,422
2073,1213
2074,1731
2075,285
2076,223
2077,29
2078,745
2079,356
2080,727
2081,1115
2082,1261
2083,181
2084,2183
2085,575
2086,992
2087,159
2088,1069
2089,220
2090,407
2091,50
2092,195
2093,2029
2094,1003
2095,72
2096,80
2097,1464
2098,1191
2099,223
2100,619
2101,229
2102,813
2103,907
2104,128
2105,1885
2106,1171
2107,42
2108,169
2109,651
2110,89
2111,278
2112,1536
2113,1243
2114,555
2115,466
2116,678
2117,1150
2118,1519
2119,1591
2120,2162
2121,13
2122,1099
2123,2741
2124,360
2125,393
2126,32
2127,247
2128,1215
2129,725
2130,98
2131,183
2132,837
2133,75
2134,1232
2135,1165
2136,62
2137,583
2138,1337
2139,194
2140,47
2141,219
2142,1937
2143,536
2144,2251
2145,195
2146,1531
2147,0
2148,710
2149,1342
2150,652
2151,1494
2152,1846
2153,59
2154,655
2155,2450
2156,1174
2157,626
2158,1233
2159,401
2160,1695
2161,847
2162,535
2163,719
2164,498
2165,1273
2166,173
2167,1602
2168,190
2169,227
2170,267
2171,1032
2172,1337
2173,39
2174,1038
2175,461
2176,326
2177,81
2178,86
2179,34
2180,837
2181,3016
2182,142
2183,23
2184,1685
2185,2268
2186,1258
2187,368
2188,540
2189,1456
2190,594
2191,155
2192,920
2193,214
2194,324
2195,999
2196,507
2197,199
2198,219
2199,852
2200,788
2201,1328
2202,1106
2203,707
2204,0
2205,362
2206,1322
2207,796
2208,933
2209,222
2210,1867
2211,2166
2212,2099
2213,343
2214,1738
2215,1303
2216,183
2217,694
2218,691
2219,304
2220,984
2221,916
2222,197
2223,769
2224,112
2225,211
2226,1455
2227,1636
2228,367
2229,14
2230,59
2231,302
2232,778
2233,295
2234,1128
2235,460
2236,331
2237,934
2238,1135
2239,327
2240,38
2241,1955
2242,2232
2243,164
2244,19
2245,2732
2246,968
2247,0
2248,195
2249,358
2250,353
2251,332
2252,2594
2253,715
2254,2489
2255,1375
2256,85
2257,221
2258,301
2259,988
2260,28
2261,1239
2262,593
2263,942
2264,1745
2265,252
2266,933
2267,258
2268,1113
2269,453
2270,0
2271,1258
2272,2499
2273,55
2274,129
2275,112
2276,2439
2277,1197
2278,49
2279,1073
2280,656
2281,579
2282,1364
2283,115
2284,1464
2285,680
2286,477
2287,402
2288,97
2289,1544
2290,1590
2291,792
2292,550
2293,261
2294,184
2295,371
2296,311
2297,1828
2298,323
2299,210
2300,409
2301,1146
2302,342
2303,1083
2304,105
2305,1047
2306,116
2307,682
2308,844
2309,53
2310,813
2311,2074
2312,304
2313,349
2314,809
2315,413
2316,105
2317,1737
2318,0
2319,1456
2320,501
2321,91
2322,144
2323,86
2324,6
2325,671
2326,77
2327,1552
2328,637
2329,250
2330,227
2331,405
2332,2115
2333,752
2334,1752
2335,230
2336,771
2337,1649
2338,60
2339,795
2340,99
2341,1051
2342,809
2343,0
2344,825
2345,190
2346,48
2347,919
2348,676
2349,625
2350,1950
2351,187
2352,84
2353,262
2354,156
2355,2309
2356,1137
2357,652
2358,110
2359,1654
2360,0
2361,251
2362,482
2363,1932
2364,0
2365,834
2366,2014
2367,1103
2368,725
2369,27
2370,337
2371,0
2372,2146
2373,18
2374,177
2375,58
2376,67
2377,0
2378,56
2379,358
2380,44
2381,1551
2382,294
2383,309
2384,231
2385,498
2386,1972
2387,304
2388,1061
2389,700
2390,254
2391,959
2392,284
2393,166
2394,703
2395,500
2396,27
2397,40
2398,381
2399,1186
2400,492
2401,1394
2402,754
2403,28
2404,532
2405,969
2406,1298
2407,780
2408,0
2409,592
2410,196
2411,170
2412,878
2413,961
2414,483
2415,1416
2416,560
2417,828
2418,2044
2419,201
2420,657
2421,465
2422,61
2423,762
2424,0
2425,5
2426,17
2427,1513
2428,170
2429,175
2430,925
2431,24
2432,565
2433,839
2434,1217
2435,436
2436,207
2437,669
2438,664
2439,240
2440,88
2441,372
2442,213
2443,2320
2444,1073
2445,653
2446,925
2447,340
2448,629
2449,758
2450,19
2451,629
2452,1221
2453,292
2454,704
2455,317
2456,0
2457,724
2458,62
2459,355
2460,2200
2461,198
2462,192
2463,467
2464,896
2465,954
2466,126
2467,2140
2468,9
2469,1881
2470,79
2471,776
2472,785
2473,4
2474,1306
2475,639
2476,2387
2477,1203
2478,331
2479,787
2480,646
2481,1025
2482,916
2483,304
2484,1151
2485,237
2486,572
2487,165
2488,2122
2489,932
2490,406
2491,8
2492,375
2493,1240
2494,0
2495,695
2496,1166
2497,572
2498,504
2499,3196
2500,1377
2501,273
2502,589
2503,2282
2504,2357
2505,1463
2506,886
2507,991
2508,0
2509,376
2510,1679
2511,579
2512,180
2513,697
2514,99
2515,2429
2516,165
2517,1712
2518,111
2519,616
2520,2087
2521,1448
2522,1055
2523,132
2524,203
2525,1064
2526,1212
2527,932
2528,1551
2529,151
2530,1436
2531,747
2532,775
2533,1996
2534,2312
2535,2041
2536,267
2537,357
2538,236
2539,400
2540,2255
2541,403
2542,239
2543,586
2544,1111
2545,1179
2546,849
2547,468
2548,481
2549,1089
2550,623
2551,135
2552,469
2553,381
2554,720
2555,1999
2556,0
2557,867
2558,181
2559,1561
2560,197
2561,768
2562,178
2563,49
2564,0
2565,993
2566,73
2567,200
2568,54
2569,716
2570,664
2571,165
2572,792
2573,250
2574,93
2575,1827
2576,2090
2577,335
2578,616
2579,140
2580,63
2581,145
2582,852
2583,121
2584,273
2585,419
2586,363
2587,571
2588,11
2589,440
2590,237
2591,510
2592,764
2593,628
2594,1683
2595,872
2596,0
2597,71
2598,2020
2599,1278
2600,0
2601,768
2602,385
2603,1227
2604,248
2605,662
2606,173
2607,1092
2608,179
2609,664
2610,646
2611,785
2612,1931
2613,1330
2614,1563
2615,1530
2616,735
2617,264
2618,96
2619,1256
2620,11
2621,535
2622,267
2623,216
2624,137
2625,96
2626,682
2627,1441
2628,1078
2629,227
2630,371
2631,4
2632,309
2633,231
2634,825
2635,404
2636,15
2637,62
2638,156
2639,129
2640,135
2641,359
2642,222
2643,1292
2644,172
2645,1796
2646,740
2647,119
2648,122
2649,151
2650,225
2651,115
2652,149
2653,517
2654,227
2655,616
2656,380
2657,876
2658,146
2659,1787
2660,600
2661,877
2662,1457
2663,470
2664,1056
2665,1436
2666,1535
2667,50
2668,2065
2669,354
2670,61
2671,1015
2672,925
2673,447
2674,1524
2675,1511
2676,223
2677,202
2678,854
2679,869
2680,942
2681,620
2682,148
2683,434
2684,1317
2685,1109
2686,462
2687,180
2688,643
2689,61
2690,749
2691,2266
2692,1578
2693,21
2694,1187
2695,0
2696,594
2697,983
2698,1194
2699,166
2700,1161
2701,155
2702,133
2703,648
2704,1773
2705,154
2706,1605
2707,1577
2708,1240
2709,203
2710,931
2711,994
2712,185
2713,241
2714,586
2715,697
2716,1094
2717,482
2718,1054
2719,733
2720,39
2721,176
2722,470
2723,129
2724,1288
2725,1003
2726,1112
2727,407
2728,70
2729,311
2730,207
2731,188
2732,1188
2733,1088
2734,291
2735,1538
2736,79
2737,0
2738,504
2739,234
2740,1761
2741,1714
2742,259
2743,938
2744,297
2745,88
2746,109
2747,1363
2748,109
2749,1127
2750,1175
2751,149
2752,0
2753,26
2754,649
2755,0
2756,43
2757,42
2758,98
2759,166
2760,985
2761,1893
2762,1690
2763,0
2764,188
2765,3113
2766,638
2767,1139
2768,1059
2769,285
2770,375
2771,1203
2772,32
2773,818
2774,630
2775,1438
2776,788
2777,1550
2778,212
2779,436
2780,1171
2781,1948
2782,238
2783,124
2784,79
2785,467
2786,244
2787,112
2788,481
2789,758
2790,982
2791,2153
2792,144
2793,925
2794,760
2795,1764
2796,1815
2797,46
2798,46
2799,478
2800,381
2801,716
2802,763
2803,1007
2804,218
2805,210
2806,1698
2807,2039
2808,17
2809,162
2810,986
2811,1187
2812,1011
2813,1210
2814,148
2815,509
2816,165
2817,316
2818,1556
2819,219
2820,375
2821,1976
2822,194
2823,454
2824,454
2825,678
2826,252
2827,731
2828,67
2829,888
2830,167
2831,15
2832,1523
2833,1110
2834,126
2835,167
2836,2033
2837,263
2838,1426
2839,2022
2840,17
2841,603
2842,463
2843,14
2844,2352
2845,128
2846,1362
2847,110
2848,30
2849,877
2850,447
2851,0
2852,586
2853,1205
2854,694
2855,1632
2856,108
2857,2003
2858,658
2859,262
2860,1593
2861,442
2862,790
2863,688
2864,618
2865,334
2866,780
2867,278
2868,1568
2869,259
2870,82
2871,913
2872,814
2873,1006
2874,1204
2875,1380
2876,397
2877,922
2878,584
2879,1272
2880,75
2881,32
2882,992
2883,36
2884,421
2885,47
2886,328
2887,975
2888,381
2889,231
2890,94
2891,837
2892,0
2893,1216
2894,149
2895,980
2896,1114
2897,1346
2898,154
2899,702
2900,393
2901,619
2902,265
2903,1391
2904,2167
2905,67
2906,385
2907,159
2908,2807
2909,579
2910,1201
2911,322
2912,22
2913,1005
2914,450
2915,1502
2916,883
2917,206
2918,166
2919,32
2920,1552
2921,25
2922,110
2923,1777
2924,2215
2925,646
2926,46
2927,139
2928,140
2929,662
2930,491
2931,961
2932,878
2933,179
2934,1273
2935,665
2936,1636
2937,163
2938,182
2939,283
2940,155
2941,449
2942,288
2943,986
2944,598
2945,832
2946,0
2947,563
2948,902
2949,307
2950,1142
2951,74
2952,47
2953,326
2954,1382
2955,1611
2956,0
2957,95
2958,102
2959,17
2960,232
2961,487
2962,1064
2963,936
2964,1117
2965,1587
2966,59
2967,1440
2968,721
2969,183
2970,1266
2971,311
2972,589
2973,719
2974,23
2975,339
2976,190
2977,632
2978,1678
2979,4
2980,2481
2981,143
2982,2337
2983,767
2984,829
2985,858
2986,271
2987,193
2988,575
2989,113
2990,768
2991,80
2992,534
2993,1045
2994,1200
2995,962
2996,2347
2997,0
2998,801
2999,2649
3000,11
3001,906
3002,770
3003,114
3004,218
3005,157
3006,612
3007,2456
3008,208
3009,699
3010,1071
3011,1276
3012,1751
3013,265
3014,269
3015,346
3016,152
3017,76
3018,291
3019,270
3020,831
3021,474
3022,1878
3023,250
3024,907
3025,260
3026,193
3027,232
3028,154
3029,1117
3030,353
3031,137
3032,152
3033,363
3034,689
3035,29
3036,128
3037,152
3038,70
3039,69
3040,782
3041,799
3042,189
3043,256
3044,294
3045,238
3046,511
3047,464
3048,473
3049,3365
3050,606
3051,2577
3052,40
3053,1466
3054,386
3055,2002
3056,255
3057,2692
3058,1039
3059,159
3060,1500
3061,741
3062,1092
3063,1235
3064,167
3065,44
3066,221
3067,1252
3068,3238
3069,1818
3070,145
3071,1054
3072,46
3073,19
3074,565
3075,1751
3076,198
3077,608
3078,165
3079,1356
3080,206
3081,162
3082,1300
3083,683
3084,28
3085,1891
3086,1157
3087,1593
3088,483
3089,106
3090,169
3091,322
3092,34
3093,253
3094,717
3095,977
3096,670
3097,191
3098,377
3099,406
3100,778
3101,631
3102,240
3103,1662
3104,2025
3105,302
3106,723
3107,944
3108,610
3109,67
3110,68
3111,35
3112,34
3113,537
3114,1141
3115,2154
3116,223
3117,426
3118,152
3119,1292
3120,1103
3121,715
3122,0
3123,296
3124,221
3125,82
3126,51
3127,1287
3128,632
3129,54
3130,922
3131,239
3132,2022
3133,332
3134,370
3135,797
3136,122
3137,71
3138,1130
3139,415
3140,1202
3141,1899
3142,212
3143,1076
3144,975
3145,708
3146,285
3147,389
3148,755
3149,406
3150,28
3151,602
3152,1100
3153,38
3154,0
3155,941
3156,1536
3157,1238
3158,482
3159,1717
3160,417
3161,554
3162,368
3163,243
3164,148
3165,2348
3166,1107
3167,381
3168,0
3169,1303
3170,322
3171,404
3172,269
3173,16
3174,265
3175,865
3176,890
3177,982
3178,72
3179,2915
3180,1362
3181,1063
3182,381
3183,265
3184,162
3185,158
3186,177
3187,561
3188,54
3189,1480
3190,202
3191,1070
3192,894
3193,507
3194,326
3195,419
3196,1177
3197,286
3198,82
3199,264
3200,563
3201,79
3202,448
3203,470
3204,1060
3205,1156
3206,0
3207,819
3208,143
3209,461
3210,1193
3211,491
3212,0
3213,443
3214,723
3215,145
3216,1047
3217,1458
3218,1191
3219,403
3220,892
3221,123
3222,1156
3223,1393
3224,249
3225,42
3226,2123
3227,2283
3228,242
3229,211
3230,910
3231,987
3232,925
3233,646
3234,10
3235,262
3236,47
3237,1573
3238,13
3239,260
3240,0
3241,1134
3242,0
3243,1188
3244,586
3245,805
3246,31
3247,698
3248,364
3249,462
3250,622
3251,1459
3252,2270
3253,846
3254,1004
3255,137
3256,1468
3257,289
3258,522
3259,422
3260,71
3261,25
3262,2159
3263,766
3264,2241
3265,1856
3266,369
3267,269
3268,1046
3269,477
3270,2656
3271,9
3272,466
3273,777
3274,227
3275,1290
3276,242
3277,199
3278,739
3279,310
3280,124
3281,155
3282,165
3283,1180
3284,1260
3285,330
3286,298
3287,54
3288,0
3289,1402
3290,1995
3291,1231
3292,43
3293,418
3294,238
3295,504
3296,279
3297,0
3298,625
3299,839
3300,1129
3301,1175
3302,1782
3303,1524
3304,1034
3305,1165
3306,30
3307,230
3308,1381
3309,95
3310,294
3311,1040
3312,226
3313,1752
3314,1763
3315,1166
3316,295
3317,72
3318,1072
3319,371
3320,272
3321,397
3322,0
3323,673
3324,722
3325,1404
3326,225
3327,246
3328,1233
3329,920
3330,1029
3331,1732
3332,194
3333,796
3334,150
3335,255
3336,2059
3337,52
3338,277
3339,959
3340,2058
3341,542
3342,2328
3343,381
3344,486
3345,2359
3346,351
3347,579
3348,1726
3349,3080
3350,2579
3351,239
3352,251
3353,553
3354,320
3355,176
3356,181
3357,241
3358,629
3359,661
3360,281
3361,747
3362,1138
3363,600
3364,1521
3365,562
3366,174
3367,46
3368,1705
3369,1165
3370,596
3371,59
3372,1482
3373,648
3374,77
3375,726
3376,716
3377,1301
3378,144
3379,262
3380,122
3381,0
3382,93
3383,283
3384,46
3385,212
3386,1759
3387,1478
3388,144
3389,245
3390,216
3391,50
3392,152
3393,412
3394,38
3395,172
3396,243
3397,310
3398,320
3399,246
3400,2005
3401,1404
3402,1941
3403,504
3404,133
3405,1072
3406,920
3407,953
3408,370
3409,1728
3410,2337
3411,218
3412,742
3413,584
3414,731
3415,597
3416,213
3417,987
3418,145
3419,688
3420,1398
3421,2811
3422,1641
3423,5
3424,94
3425,799
3426,82
3427,48
3428,201
3429,514
3430,945
3431,208
3432,772
3433,275
3434,184
3435,362
3436,759
3437,1309
3438,1429
3439,255
3440,34
3441,3556
3442,846
3443,279
3444,1318
3445,52
3446,891
3447,798
3448,47
3449,398
3450,758
3451,350
3452,1038
3453,281
3454,908
3455,315
3456,268
3457,1566
3458,791
3459,946
3460,0
3461,448
3462,420
3463,95
3464,123
3465,853
3466,213
3467,231
3468,275
3469,1371
3470,705
3471,1087
3472,1107
3473,527
3474,278
3475,3123
3476,2146
3477,451
3478,880
3479,266
3480,215
3481,963
3482,460
3483,150
3484,659
3485,1106
3486,529
3487,1696
3488,372
3489,203
3490,488
3491,657
3492,21
3493,362
3494,964
3495,1641
3496,135
3497,149
3498,1261
3499,79
3500,1275
3501,1400
3502,128
3503,1057
3504,2310
3505,1472
3506,454
3507,912
3508,1167
3509,618
3510,1238
3511,496
3512,688
3513,744
3514,189
3515,225
3516,680
3517,1012
3518,77
3519,589
3520,764
3521,275
3522,565
3523,565
3524,1371
3525,847
3526,164
3527,94
3528,241
3529,881
3530,382
3531,39
3532,81
3533,766
3534,51
3535,536
3536,1657
3537,817
3538,727
3539,2256
3540,877
3541,414
3542,111
3543,730
3544,203
3545,810
3546,222
3547,2455
3548,1517
3549,31
3550,625
3551,352
3552,1292
3553,439
3554,2310
3555,1049
3556,326
3557,1050
3558,638
3559,94
3560,169
3561,800
3562,435
3563,191
3564,160
3565,42
3566,1532
3567,143
3568,140
3569,1281
3570,0
3571,393
3572,208
3573,1200
3574,103
3575,166
3576,189
3577,645
3578,43
3579,652
3580,1529
3581,889
3582,309
3583,126
3584,268
3585,145
3586,2431
3587,2297
3588,341
3589,948
3590,822
3591,521
3592,67
3593,1072
3594,127
3595,935
3596,689
3597,170
3598,96
3599,470
3600,537
3601,33
3602,238
3603,587
3604,1375
3605,511
3606,963
3607,1034
3608,1158
3609,782
3610,1066
3611,191
3612,310
3613,172
3614,1308
3615,28
3616,0
3617,2365
3618,792
3619,745
3620,1462
3621,0
3622,388
3623,175
3624,49
3625,0
3626,672
3627,337
3628,883
3629,349
3630,584
3631,1917
3632,1781
3633,1101
3634,575
3635,197
3636,148
3637,130
3638,393
3639,2375
3640,189
3641,119
3642,187
3643,1124
3644,694
3645,608
3646,1100
3647,414
3648,124
3649,216
3650,232
3651,421
3652,1068
3653,1714
3654,1001
3655,1721
3656,1747
3657,1247
3658,538
3659,1080
3660,652
3661,303
3662,52
3663,682
3664,265
3665,207
3666,289
3667,230
3668,1241
3669,771
3670,1216
3671,1693
3672,22
3673,1052
3674,0
3675,647
3676,2153
3677,296
3678,1192
3679,2182
3680,718
3681,1881
3682,362
3683,455
3684,423
3685,626
3686,2432
3687,2556
3688,1123
3689,541
3690,41
3691,269
3692,929
3693,1280
3694,364
3695,178
3696,1613
3697,1313
3698,476
3699,207
3700,983
3701,32
3702,1872
3703,38
3704,85
3705,273
3706,792
3707,2367
3708,356
3709,1014
3710,0
3711,145
3712,1185
3713,259
3714,1677
3715,332
3716,559
3717,76
3718,827
3719,848
3720,337
3721,206
3722,1601
3723,534
3724,1469
3725,486
3726,481
3727,410
3728,426
3729,558
3730,864
3731,107
3732,0
3733,242
3734,568
3735,52
3736,725
3737,1704
3738,2070
3739,592
3740,1349
3741,1384
3742,1130
3743,724
3744,971
3745,2701
3746,1188
3747,2351
3748,153
3749,1407
3750,1045
3751,1330
3752,1119
3753,12
3754,696
3755,171
3756,1477
3757,938
3758,93
3759,2100
3760,0
3761,1838
3762,1085
3763,24
3764,82
3765,100
3766,792
3767,1772
3768,1304
3769,237
3770,2281
3771,1105
3772,269
3773,160
3774,1005
3775,35
3776,64
3777,1124
3778,3166
3779,2857
3780,1041
3781,1712
3782,214
3783,1865
3784,310
3785,191
3786,1642
3787,168
3788,155
3789,757
3790,568
3791,458
3792,1011
3793,1357
3794,29
3795,1146
3796,1730
3797,1462
3798,526
3799,411
3800,52
3801,407
3802,862
3803,500
3804,203
3805,1801
3806,614
3807,419
3808,213
3809,1789
3810,218
3811,1986
3812,2183
3813,0
3814,2024
3815,0
3816,266
3817,0
3818,254
3819,580
3820,290
3821,208
3822,72
3823,372
3824,355
3825,35
3826,257
3827,99
3828,0
3829,408
3830,117
3831,1863
3832,99
3833,301
3834,1251
3835,681
3836,1021
3837,792
3838,317
3839,273
3840,941
3841,422
3842,45
3843,0
3844,308
3845,261
3846,1878
3847,490
3848,196
3849,1846
3850,556
3851,1898
3852,1236
3853,1358
3854,1031
3855,554
3856,677
3857,0
3858,301
3859,157
3860,922
3861,431
3862,181
3863,861
3864,1888
3865,934
3866,1007
3867,0
3868,934
3869,1413
3870,172
3871,787
3872,72
3873,1317
3874,1091
3875,574
3876,335
3877,710
3878,1149
3879,1354
3880,1066
3881,325
3882,1406
3883,735
3884,701
3885,900
3886,227
3887,213
3888,239
3889,1190
3890,1648
3891,0
3892,975
3893,2528
3894,1041
3895,303
3896,235
3897,234
3898,1346
3899,616
3900,190
3901,632
3902,1070
3903,261
3904,676
3905,423
3906,266
3907,122
3908,1239
3909,402
3910,308
3911,1883
3912,173
3913,593
3914,274
3915,393
3916,1042
3917,1928
3918,209
3919,530
3920,32
3921,274
3922,76
3923,144
3924,251
3925,497
3926,1883
3927,690
3928,1634
3929,162
3930,10
3931,1474
3932,109
3933,196
3934,187
3935,75
3936,2252
3937,623
3938,115
3939,192
3940,212
3941,951
3942,1004
3943,22
3944,193
3945,300
3946,727
3947,0
3948,981
3949,1424
3950,1551
3951,250
3952,319
3953,211
3954,38
3955,273
3956,195
3957,993
3958,2001
3959,132
3960,165
3961,108
3962,680
3963,281
3964,309
3965,142
3966,165
3967,36
3968,499
3969,1360
3970,1811
3971,1176
3972,724
3973,520
3974,992
3975,544
3976,0
3977,170
3978,318
3979,174
3980,139
3981,858
3982,1446
3983,1210
3984,20
3985,922
3986,2514
3987,1514
3988,518
3989,786
3990,1330
3991,355
3992,343
3993,0
3994,401
3995,117
3996,28
3997,1527
3998,1990
3999,211
4000,162
4001,178
4002,1935
4003,329
4004,188
4005,1237
4006,632
4007,103
4008,221
4009,502
4010,522
4011,233
4012,1297
4013,760
4014,115
4015,1669
4016,357
4017,530
4018,475
4019,83
4020,1019
4021,638
4022,50
4023,516
4024,0
4025,2175
4026,22
4027,134
4028,611
4029,639
4030,263
4031,1128
4032,283
4033,2475
4034,230
4035,23
4036,781
4037,144
4038,92
4039,215
4040,1123
4041,312
4042,22
4043,862
4044,489
4045,36
4046,1169
4047,1644
4048,2143
4049,685
4050,214
4051,456
4052,1886
4053,161
4054,244
4055,1657
4056,314
4057,412
4058,692
4059,485
4060,45
4061,966
4062,136
4063,193
4064,216
4065,989
4066,1685
4067,509
4068,2167
4069,700
4070,1062
4071,654
4072,711
4073,289
4074,0
4075,798
4076,97
4077,1836
4078,98
4079,12
4080,74
4081,1592
4082,1188
4083,1487
4084,7
4085,1231
4086,0
4087,861
4088,403
4089,33
4090,1229
4091,228
4092,743
4093,283
4094,757
4095,352
4096,582
4097,785
4098,970
4099,1404
4100,1094
4101,1165
4102,1300
4103,241
4104,112
4105,691
4106,679
4107,2017
4108,105
4109,1786
4110,284
4111,1548
4112,172
4113,935
4114,152
4115,391
4116,0
4117,95
4118,246
4119,332
4120,1580
4121,42
4122,338
4123,112
4124,692
4125,223
4126,841
4127,890
4128,73
4129,292
4130,1076
4131,1354
4132,334
4133,1066
4134,426
4135,115
4136,870
4137,162
4138,0
4139,291
4140,1882
4141,396
4142,907
4143,1474
4144,598
4145,105
4146,535
4147,1709
4148,202
4149,1853
4150,1042
4151,175
4152,310
4153,524
4154,246
4155,956
4156,319
4157,358
4158,356
4159,352
4160,0
4161,461
4162,1407
4163,1191
4164,251
4165,1128
4166,191
4167,1749
4168,1003
4169,2404
4170,659
4171,2276
4172,942
4173,325
4174,145
4175,1039
4176,567
4177,644
4178,1244
4179,1247
4180,1116
4181,1635
4182,0
4183,604
4184,1152
4185,72
4186,711
4187,70
4188,192
4189,243
4190,326
4191,185
4192,102
4193,170
4194,58
4195,243
4196,1247
4197,1273
4198,720
4199,0
4200,354
4201,605
4202,164
4203,710
4204,850
4205,1176
4206,286
4207,639
4208,441
4209,107
4210,335
4211,243
4212,2505
4213,1466
4214,517
4215,1108
4216,1708
4217,133
4218,165
4219,290
4220,662
4221,884
4222,783
4223,116
4224,1697
4225,189
4226,775
4227,829
4228,1041
4229,1071
4230,2274
4231,885
4232,587
4233,236
4234,658
4235,82
4236,45
4237,186
4238,33
4239,84
4240,171
4241,25
4242,622
4243,982
4244,226
4245,318
4246,174
4247,681
4248,1934
4249,107
4250,1356
4251,243
4252,550
4253,416
4254,910
4255,93
4256,178
4257,98
4258,136
4259,724
4260,272
4261,175
4262,103
4263,227
4264,927
4265,477
4266,1970
4267,760
4268,72
4269,311
4270,2065
4271,396
4272,428
4273,940
4274,1303
4275,143
4276,110
4277,2278
4278,957
4279,443
4280,63
4281,2245
4282,19
4283,1356
4284,721
4285,151
4286,1254
4287,1547
4288,195
4289,1252
4290,0
4291,2372
4292,146
4293,647
4294,686
4295,934
4296,0
4297,168
4298,92
4299,2198
4300,266
4301,374
4302,89
4303,183
4304,1433
4305,283
4306,264
4307,1886
4308,443
4309,2378
4310,0
4311,1737
4312,60
4313,252
4314,210
4315,937
4316,68
4317,161
4318,2092
4319,0
4320,24
4321,972
4322,2362
4323,2270
4324,1707
4325,225
4326,2070
4327,174
4328,260
4329,962
4330,0
4331,678
4332,290
4333,642
4334,214
4335,41
4336,786
4337,345
4338,1128
4339,506
4340,579
4341,1163
4342,574
4343,233
4344,147
4345,1284
4346,936
4347,1819
4348,202
4349,1291
4350,340
4351,1839
4352,769
4353,583
4354,135
4355,373
4356,742
4357,1014
4358,0
4359,1289
4360,374
4361,522
4362,1808
4363,112
4364,589
4365,794
4366,1168
4367,443
4368,2290
4369,410
4370,864
4371,2235
4372,827
4373,144
4374,1393
4375,185
4376,571
4377,588
4378,330
4379,861
4380,1502
4381,1546
4382,271
4383,610
4384,104
4385,900
4386,1293
4387,636
4388,1806
4389,1032
4390,1014
4391,39
4392,195
4393,282
4394,485
4395,0
4396,1137
4397,1717
4398,2122
4399,556
4400,196
4401,1041
4402,784
4403,235
4404,2338
4405,413
4406,470
4407,1216
4408,150
4409,1707
4410,183
4411,271
4412,108
4413,1176
4414,2445
4415,123
4416,337
4417,1877
4418,106
4419,475
4420,349
4421,158
4422,397
4423,872
4424,2836
4425,370
4426,254
4427,108
4428,1340
4429,2069
4430,1321
4431,1702
4432,1154
4433,718
4434,1285
4435,1213
4436,207
4437,328
4438,449
4439,305
4440,1263
4441,141
4442,107
4443,69
4444,0
4445,354
4446,222
4447,88
4448,1332
4449,537
4450,578
4451,3069
4452,785
4453,517
4454,0
4455,855
4456,1246
4457,384
4458,766
4459,385
4460,258
4461,459
4462,1675
4463,715
4464,30
4465,918
4466,361
4467,113
4468,126
4469,170
4470,1248
4471,829
4472,75
4473,1569
4474,469
4475,1016
4476,1479
4477,1374
4478,38
4479,1253
4480,50
4481,264
4482,290
4483,1731
4484,146
4485,0
4486,1156
4487,1783
4488,563
4489,221
4490,1275
4491,1136
4492,1360
4493,321
4494,1427
4495,810
4496,307
4497,1119
4498,260
4499,204
4500,931
4501,1248
4502,1449
4503,230
4504,2248
4505,746
4506,152
4507,0
4508,171
4509,127
4510,1788
4511,1095
4512,121
4513,1811
4514,0
4515,218
4516,350
4517,443
4518,418
4519,910
4520,1260
4521,195
4522,56
4523,1106
4524,46
4525,156
4526,300
4527,1164
4528,2223
4529,1900
4530,166
4531,768
4532,334
4533,1442
4534,576
4535,2261
4536,268
4537,22
4538,1391
4539,971
4540,1776
4541,185
4542,937
4543,193
4544,1543
4545,1010
4546,818
4547,1600
4548,1351
4549,1604
4550,29
4551,2129
4552,1469
4553,169
4554,258
4555,409
4556,578
4557,1142
4558,73
4559,2288
4560,262
4561,1641
4562,299
4563,1099
4564,502
4565,647
4566,904
4567,169
4568,109
4569,438
4570,1602
4571,128
4572,342
4573,365
4574,107
4575,930
4576,739
4577,996
4578,1213
4579,549
4580,359
4581,197
4582,33
4583,562
4584,261
4585,1581
4586,1935
4587,721
4588,708
4589,871
4590,200
4591,1595
4592,2965
4593,140
4594,285
4595,1030
4596,803
4597,301
4598,60
4599,165
4600,0
4601,110
4602,0
4603,990
4604,983
4605,1154
4606,312
4607,299
4608,55
4609,97
4610,1196
4611,776
4612,1323
4613,37
4614,2118
4615,1896
4616,463
4617,51
4618,3088
4619,336
4620,905
4621,250
4622,122
4623,2188
4624,822
4625,909
4626,1390
4627,848
4628,1692
4629,446
4630,1534
4631,198
4632,787
4633,1492
4634,1399
4635,853
4636,235
4637,104
4638,19
4639,1753
4640,1161
4641,911
4642,1329
4643,931
4644,1120
4645,151
4646,1869
4647,1527
4648,140
4649,763
4650,58
4651,298
4652,402
4653,1944
4654,419
4655,572
4656,771
4657,581
4658,1122
4659,2788
4660,320
4661,169
4662,1685
4663,331
4664,187
4665,39
4666,891
4667,554
4668,308
4669,85
4670,959
4671,123
4672,1785
4673,166
4674,653
4675,184
4676,763
4677,175
4678,1065
4679,260
4680,282
4681,513
4682,32
4683,2134
4684,1447
4685,1280
4686,242
4687,259
4688,17
4689,266
4690,96
4691,6
4692,150
4693,527
4694,215
4695,356
4696,1274
4697,294
4698,342
4699,186
4700,0
4701,1743
4702,169
4703,9
4704,236
4705,0
4706,1268
4707,0
4708,901
4709,226
4710,1471
4711,568
4712,2234
4713,713
4714,129
4715,436
4716,1731
4717,309
4718,992
4719,0
4720,696
4721,1389
4722,776
4723,83
4724,81
4725,1720
4726,351
4727,0
4728,2145
4729,530
4730,86
4731,1595
4732,531
4733,668
4734,30
4735,1924
4736,420
4737,114
4738,134
4739,435
4740,1379
4741,314
4742,1278
4743,11
4744,1059
4745,130
4746,204
4747,1031
4748,1258
4749,461
4750,594
4751,1095
4752,782
4753,208
4754,218
4755,264
4756,271
4757,29
4758,1979
4759,365
4760,163
4761,185
4762,592
4763,62
4764,2235
4765,690
4766,163
4767,1155
4768,1015
4769,1040
4770,202
4771,1516
4772,400
4773,917
4774,914
4775,1075
4776,655
4777,254
4778,159
4779,0
4780,402
4781,99
4782,13
4783,328
4784,263
4785,0
4786,59
4787,1206
4788,224
4789,44
4790,278
4791,105
4792,1635
4793,1911
4794,99
4795,334
4796,144
4797,764
4798,218
4799,830
4800,96
4801,61
4802,170
4803,31
4804,228
4805,403
4806,1102
4807,591
4808,1261
4809,1618
4810,605
4811,185
4812,827
4813,1095
4814,2402
4815,1336
4816,816
4817,466
4818,94
4819,434
4820,423
4821,51
4822,159
4823,268
4824,1076
4825,0
4826,1485
4827,1213
4828,149
4829,1575
4830,772
4831,81
4832,1906
4833,2495
4834,270
4835,0
4836,1178
4837,1411
4838,205
4839,142
4840,164
4841,262
4842,1651
4843,25
4844,262
4845,647
4846,821
4847,581
4848,639
4849,256
4850,1005
4851,1239
4852,204
4853,1115
4854,1046
4855,20
4856,327
4857,353
4858,1249
4859,654
4860,1456
4861,937
4862,1268
4863,513
4864,0
4865,157
4866,612
4867,650
4868,243
4869,456
4870,2145
4871,108
4872,92
4873,27
4874,186
4875,2163
4876,1219
4877,155
4878,729
4879,147
4880,1037
4881,1036
4882,85
4883,244
4884,777
4885,648
4886,521
4887,166
4888,251
4889,1381
4890,2401
4891,756
4892,1851
4893,708
4894,228
4895,390
4896,273
4897,183
4898,1071
4899,1826
4900,330
4901,545
4902,440
4903,161
4904,56
4905,700
4906,124
4907,545
4908,475
4909,360
4910,316
4911,196
4912,732
4913,1237
4914,1603
4915,20
4916,431
4917,1035
4918,118
4919,196
4920,303
4921,973
4922,627
4923,329
4924,2339
4925,1074
4926,562
4927,39
4928,428
4929,168
4930,341
4931,161
4932,919
4933,774
4934,181
4935,344
4936,1115
4937,1434
4938,609
4939,304
4940,494
4941,354
4942,247
4943,1223
4944,297
4945,700
4946,2173
4947,958
4948,1832
4949,231
4950,75
4951,1929
4952,714
4953,1418
4954,239
4955,314
4956,1350
4957,67
4958,316
4959,139
4960,302
4961,1558
4962,140
4963,89
4964,1229
4965,198
4966,376
4967,18
4968,82
4969,93
4970,1294
4971,171
4972,1070
4973,113
4974,385
4975,903
4976,666
4977,1132
4978,423
4979,376
4980,189
4981,767
4982,352
4983,167
4984,140
4985,557
4986,573
4987,1935
4988,1062
4989,0
4990,1027
4991,798
4992,533
4993,426
4994,1464
4995,1807
4996,1664
4997,278
4998,337
4999,227
5000,552
5001,1266
5002,915
5003,363
5004,453
5005,2186
5006,818
5007,2189
5008,167
5009,159
5010,436
5011,118
5012,1113
5013,1170
5014,223
5015,796
5016,307
5017,376
5018,326
5019,122
5020,211
5021,896
5022,72
5023,825
5024,227
5025,147
5026,132
5027,108
5028,95
5029,864
5030,972
5031,555
5032,1083
5033,1094
5034,1599
5035,1008
5036,147
5037,123
5038,444
5039,308
5040,1615
5041,107
5042,1165
5043,363
5044,497
5045,626
5046,1500
5047,1249
5048,336
5049,1347
5050,0
5051,613
5052,1191
5053,1185
5054,123
5055,783
5056,1415
5057,2479
5058,392
5059,133
5060,591
5061,137
5062,1019
5063,1070
5064,810
5065,697
5066,76
5067,51
5068,1664
5069,941
5070,144
5071,256
5072,190
5073,1016
5074,71
5075,398
5076,403
5077,952
5078,661
5079,390
5080,295
5081,1290
5082,349
5083,1447
5084,139
5085,1838
5086,173
5087,365
5088,240
5089,328
5090,993
5091,47
5092,64
5093,691
5094,0
5095,146
5096,842
5097,1423
5098,404
5099,568
5100,0
5101,172
5102,1108
5103,93
5104,945
5105,1163
5106,612
5107,217
5108,0
5109,314
5110,69
5111,1357
5112,123
5113,476
5114,624
5115,997
5116,1466
5117,1233
5118,115
5119,206
5120,1688
5121,370
5122,475
5123,346
5124,1152
5125,849
5126,249
5127,106
5128,1478
5129,2884
5130,378
5131,0
5132,2369
5133,39
5134,1119
5135,542
5136,3130
5137,1111
5138,26
5139,733
5140,1104
5141,1279
5142,211
5143,1169
5144,422
5145,387
5146,460
5147,60
5148,122
5149,1789
5150,2519
5151,585
5152,384
5153,1075
5154,383
5155,769
5156,262
5157,198
5158,160
5159,518
5160,477
5161,739
5162,228
5163,2101
5164,200
5165,36
5166,1183
5167,1381
5168,246
5169,45
5170,568
5171,299
5172,65
5173,923
5174,682
5175,761
5176,915
5177,184
5178,113
5179,422
5180,1134
5181,1447
5182,340
5183,1171
5184,527
5185,570
5186,1121
5187,345
5188,936
5189,277
5190,267
5191,1018
5192,63
5193,1052
5194,1542
5195,0
5196,2440
5197,223
5198,794
5199,1174
5200,248
5201,702
5202,848
5203,54
5204,550
5205,568
5206,0
5207,35
5208,1142
5209,484
5210,512
5211,0
5212,37
5213,2155
5214,668
5215,636
5216,165
5217,395
5218,922
5219,1055
5220,211
5221,418
5222,711
5223,892
5224,237
5225,944
5226,610
5227,40
5228,1849
5229,933
5230,277
5231,819
5232,755
5233,359
5234,762
5235,726
5236,2383
5237,20
5238,322
5239,1020
5240,2055
5241,149
5242,236
5243,2557
5244,1663
5245,52
5246,624
5247,274
5248,1608
5249,2906
5250,74
5251,962
5252,842
5253,216
5254,1181
5255,1227
5256,683
5257,169
5258,212
5259,0
5260,382
5261,1820
5262,210
5263,872
5264,142
5265,855
5266,162
5267,137
5268,1331
5269,0
5270,296
5271,0
5272,95
5273,2364
5274,190
5275,383
5276,1058
5277,278
5278,18
5279,2098
5280,399
5281,373
5282,185
5283,334
5284,86
5285,1556
5286,870
5287,0
5288,245
5289,65
5290,1695
5291,332
5292,331
5293,426
5294,1315
5295,293
5296,1652
5297,428
5298,1016
5299,231
5300,195
5301,1145
5302,253
5303,0
5304,318
5305,110
5306,525
5307,980
5308,137
5309,433
5310,862
5311,1062
5312,2273
5313,172
5314,1229
5315,156
5316,107
5317,946
5318,839
5319,68
5320,224
5321,1133
5322,731
5323,355
5324,812
5325,675
5326,611
5327,37
5328,35
5329,246
5330,1017
5331,2357
5332,107
5333,491
5334,1016
5335,248
5336,437
5337,983
5338,2410
5339,317
5340,1394
5341,243
5342,2326
5343,1141
5344,139
5345,701
5346,644
5347,0
5348,574
5349,914
5350,223
5351,244
5352,847
5353,744
5354,1193
5355,443
5356,270
5357,328
5358,820
5359,1101
5360,211
5361,957
5362,113
5363,118
5364,1294
5365,1976
5366,585
5367,1075
5368,65
5369,719
5370,388
5371,57
5372,2094
5373,195
5374,831
5375,282
5376,3222
5377,2074
5378,1501
5379,926
5380,778
5381,257
5382,160
5383,928
5384,249
5385,1273
5386,216
5387,1641
5388,182
5389,161
5390,1087
5391,1563
5392,301
5393,699
5394,1848
5395,25
5396,598
5397,407
5398,2272
5399,20
5400,2140
5401,259
5402,261
5403,309
5404,707
5405,71
5406,977
5407,906
5408,220
5409,162
5410,106
5411,586
5412,1100
5413,436
5414,305
5415,524
5416,455
5417,621
5418,122
5419,1592
5420,1700
5421,246
5422,1115
5423,105
5424,1479
5425,343
5426,572
5427,95
5428,170
5429,1023
5430,1108
5431,1069
5432,63
5433,187
5434,988
5435,1664
5436,1708
5437,806
5438,34
5439,518
5440,423
5441,2288
5442,928
5443,379
5444,146
5445,253
5446,1662
5447,672
5448,185
5449,987
5450,1055
5451,948
5452,117
5453,912
5454,189
5455,277
5456,644
5457,1181
5458,75
5459,20
5460,402
5461,1275
5462,1389
5463,562
5464,277
5465,1358
5466,469
5467,1325
5468,323
5469,0
5470,273
5471,491
5472,1513
5473,226
5474,582
5475,190
5476,316
5477,2460
5478,1001
5479,1754
5480,1929
5481,1051
5482,554
5483,473
5484,909
5485,327
5486,2
5487,168
5488,1315
5489,1940
5490,249
5491,481
5492,376
5493,2114
5494,1740
5495,410
5496,1145
5497,949
5498,555
5499,138
5500,49
5501,152
5502,37
5503,1039
5504,2068
5505,1028
5506,62
5507,214
5508,193
5509,433
5510,0
5511,22
5512,103
5513,0
5514,1037
5515,1084
5516,309
5517,1033
5518,2281
5519,0
5520,106
5521,598
5522,49
5523,308
5524,1780
5525,176
5526,1221
5527,232
5528,191
5529,2070
5530,299
5531,216
5532,1290
5533,139
5534,446
5535,800
5536,245
5537,960
5538,259
5539,262
5540,69
5541,0
5542,343
5543,189
5544,930
5545,92
5546,125
5547,515
5548,2018
5549,0
5550,1288
5551,2661
5552,494
5553,2082
5554,153
5555,986
5556,16
5557,609
5558,287
5559,670
5560,233
5561,1122
5562,1434
5563,535
5564,315
5565,1294
5566,1478
5567,2023
5568,0
5569,575
5570,2254
5571,243
5572,387
5573,232
5574,953
5575,417
5576,58
5577,240
5578,145
5579,1699
5580,213
5581,35
5582,1571
5583,589
5584,381
5585,388
5586,635
5587,592
5588,263
5589,719
5590,0
5591,668
5592,960
5593,171
5594,218
5595,783
5596,281
5597,624
5598,286
5599,2400
5600,2825
5601,2491
5602,784
5603,390
5604,163
5605,495
5606,1445
5607,241
5608,0
5609,311
5610,173
5611,117
5612,1400
5613,507
5614,45
5615,757
5616,10
5617,132
5618,1686
5619,1278
5620,225
5621,1247
5622,627
5623,317
5624,507
5625,188
5626,575
5627,0
5628,71
5629,28
5630,126
5631,973
5632,255
5633,296
5634,1363
5635,1222
5636,184
5637,513
5638,561
5639,152
5640,1280
5641,2056
5642,1951
5643,323
5644,135
5645,2346
5646,637
5647,893
5648,0
5649,310
5650,741
5651,23
5652,323
5653,108
5654,293
5655,665
5656,111
5657,2094
5658,273
5659,213
5660,428
5661,147
5662,969
5663,368
5664,1073
5665,1448
5666,62
5667,58
5668,136
5669,2026
5670,123
5671,185
5672,258
5673,1030
5674,2238
5675,898
5676,71
5677,983
5678,1158
5679,1152
5680,0
5681,84
5682,540
5683,813
5684,60
5685,776
5686,1011
5687,2100
5688,1362
5689,1097
5690,2268
5691,289
5692,2012
5693,785
5694,1164
5695,610
5696,1593
5697,692
5698,486
5699,493
5700,0
5701,0
5702,19
5703,770
5704,229
5705,280
5706,668
5707,1099
5708,1317
5709,581
5710,1113
5711,505
5712,1333
5713,173
5714,1968
5715,0
5716,416
5717,17
5718,1003
5719,332
5720,751
5721,41
5722,718
5723,934
5724,620
5725,2114
5726,957
5727,417
5728,1417
5729,80
5730,1029
5731,206
5732,1075
5733,860
5734,941
5735,221
5736,429
5737,1527
5738,124
5739,222
5740,458
5741,1193
5742,247
5743,2127
5744,464
5745,899
5746,0
5747,281
5748,255
5749,392
5750,1401
5751,47
5752,235
5753,284
5754,290
5755,1197
5756,0
5757,131
5758,966
5759,635
5760,250
5761,172
5762,839
5763,58
5764,1318
5765,663
5766,80
5767,988
5768,1199
5769,71
5770,334
5771,212
5772,1648
5773,741
5774,1525
5775,850
5776,1641
5777,1371
5778,906
5779,340
5780,554
5781,1550
5782,849
5783,179
5784,1226
5785,1437
5786,555
5787,385
5788,1137
5789,696
5790,401
5791,128
5792,620
5793,127
5794,1516
5795,2019
5796,556
5797,699
5798,0
5799,248
5800,244
5801,1006
5802,1223
5803,734
5804,1226
5805,366
5806,225
5807,862
5808,1344
5809,484
5810,80
5811,1889
5812,1588
5813,1603
5814,561
5815,0
5816,1838
5817,600
5818,632
5819,1254
5820,139
5821,752
5822,2636
5823,1057
5824,260
5825,202
5826,1377
5827,1117
5828,0
5829,286
5830,174
5831,1021
5832,1298
5833,1320
5834,1496
5835,2830
5836,195
5837,148
5838,1234
5839,162
5840,1565
5841,1502
5842,0
5843,815
5844,187
5845,80
5846,1080
5847,1084
5848,346
5849,321
5850,330
5851,463
5852,159
5853,576
5854,368
5855,739
5856,440
5857,1665
5858,235
5859,1975
5860,467
5861,217
5862,785
5863,1373
5864,275
5865,655
5866,1110
5867,2328
5868,2036
5869,15
5870,2367
5871,306
5872,304
5873,170
5874,169
5875,721
5876,1006
5877,1049
5878,794
5879,274
5880,864
5881,0
5882,2060
5883,1167
5884,1191
5885,231
5886,1235
5887,2064
5888,249
5889,712
5890,777
5891,1318
5892,1010
5893,78
5894,920
5895,759
5896,402
5897,11
5898,160
5899,1201
5900,1659
5901,2270
5902,596
5903,587
5904,290
5905,692
5906,703
5907,914
5908,1531
5909,257
5910,546
5911,1930
5912,37
5913,388
5914,1235
5915,44
5916,47
5917,142
5918,1346
5919,130
5920,455
5921,1094
5922,1759
5923,740
5924,292
5925,0
5926,547
5927,486
5928,1799
5929,467
5930,1013
5931,102
5932,604
5933,299
5934,207
5935,78
5936,902
5937,839
5938,996
5939,1440
5940,8
5941,320
5942,948
5943,127
5944,63
5945,80
5946,576
5947,697
5948,19
5949,244
5950,1289
5951,1136
5952,1805
5953,382
5954,375
5955,835
5956,186
5957,0
5958,1024
5959,1773
5960,2048
5961,147
5962,1501
5963,36
5964,1256
5965,829
5966,226
5967,0
5968,846
5969,2268
5970,175
5971,84
5972,202
5973,240
5974,428
5975,690
5976,289
5977,38
5978,1020
5979,0
5980,188
5981,1094
5982,170
5983,922
5984,726
5985,1767
5986,194
5987,327
5988,1961
5989,822
5990,2082
5991,1195
5992,177
5993,456
5994,81
5995,399
5996,1456
5997,405
5998,1125
5999,310
6000,949
6001,262
6002,1289
6003,355
6004,1165
6005,1306
6006,956
6007,305
6008,75
6009,1186
6010,196
6011,178
6012,1029
6013,146
6014,129
6015,190
6016,1480
6017,822
6018,497
6019,1377
6020,219
6021,580
6022,456
6023,2072
6024,0
6025,1167
6026,925
6027,154
6028,344
6029,301
6030,877
6031,409
6032,214
6033,1222
6034,603
6035,31
6036,1517
6037,96
6038,258
6039,269
6040,529
6041,384
6042,67
6043,498
6044,478
6045,1792
6046,133
6047,929
6048,273
6049,2497
6050,2255
6051,1080
6052,1801
6053,620
6054,133
6055,1630
6056,62
6057,473
6058,24
6059,394
6060,302
6061,761
6062,1946
6063,17
6064,1027
6065,522
6066,1031
6067,12
6068,996
6069,962
6070,1821
6071,1037
6072,215
6073,169
6074,0
6075,65
6076,1971
6077,671
6078,855
6079,2023
6080,1939
6081,1025
6082,864
6083,122
6084,1865
6085,444
6086,461
6087,592
6088,33
6089,0
6090,1915
6091,65
6092,1497
6093,38
6094,85
6095,99
6096,1814
6097,1706
6098,762
6099,2337
6100,231
6101,75
6102,278
6103,55
6104,293
6105,219
6106,971
6107,136
6108,526
6109,1322
6110,2267
6111,1069
6112,308
6113,2984
6114,62
6115,315
6116,43
6117,2059
6118,1856
6119,678
6120,968
6121,956
6122,1870
6123,628
6124,597
6125,353
6126,60
6127,1861
6128,1870
6129,2460
6130,1286
6131,711
